,May 2026,,,,,,
,,,,,,,
,SUNDAY,MONDAY,TUESDAY,WEDNESDAY,THURSDAY,FRIDAY,SATURDAY
,,,,,,1,2
WG,,,,,,JB,JB
ALT,,,,,,CJ,CJ
,,,,,,,
Out,,,,,,,
,,,,,,,
,3 ,4 ,5 ,6 ,7 ,8 ,9 
WG,JB,LW,JP,OK,LW,JP,JP
ALT,CJ,NF,GY,12 ,LN,GY,GY
,,,,,,,
Out,,,,,,,
,,,,,,,
,10 ,11 ,,13 ,14 ,15 ,16 
WG,JP,LW,JP,AS,JP,OK,OK
ALT,GY,LN,NF,LN,GY,NF,NF
,,,,,,,
Out,,,,,,,
,,,,,,,
,17 ,18 ,19 ,20 ,21 ,22 ,23 
WG,OK,LW,JP,OK,JP,AS,AS
ALT,NF,GY,NF,GY,NF,LN,LN
,,,,,,,
Out,,,,,,,
,,,,,,,
,24 ,25 ,26 ,27 ,28 ,29 ,30 
WG,AS,AS,JP,LW,JP,CJ,CJ
ALT,LN,LN,GY,LN,GY,LW,LW
,,,,,,,
Out,,,,,,,
,,,,,,,
,31 ,,,,,,
WG,CJ,,,,,,
ALT,LW,,,,,,
,,,,,,,
Out,,,,,,,
,,,,,,,
,,,,,,,
,NOTES,,,,,,